,Gender,Married,Dependents,Education,Self_Employed,Credit_History,Loan_Status,LoanAmountLog,Loan_Amount_Term_Box,Total_Income_Log,Semiurban,Urban
0,1,0,0,0,0,1.0,1,4.9932324876279095,15586325.36345222,8.674196940225903,False,True
1,1,1,1,0,0,1.0,0,4.859812404361672,15586325.36345222,8.714731714015052,False,False
2,1,1,0,0,1,1.0,1,4.204692619390966,15586325.36345222,8.006700845440367,False,True
3,1,1,0,1,0,1.0,1,4.795790545596741,15586325.36345222,8.505525386548555,False,True
4,1,0,0,0,0,1.0,1,4.955827057601261,15586325.36345222,8.699681400989514,False,True
5,1,1,2,0,1,1.0,1,5.5909869805108565,15586325.36345222,9.170975648453906,False,True
6,1,1,0,1,0,1.0,1,4.564348191467836,15586325.36345222,8.25582842728183,False,True
7,1,1,3,0,0,0.0,0,5.0689042022202315,15586325.36345222,8.61993026886735,True,False
8,1,1,2,0,0,1.0,1,5.1298987149230735,15586325.36345222,8.618485442898109,False,True
9,1,1,1,0,0,1.0,0,5.857933154483459,15586325.36345222,10.077860939480908,True,False
10,1,1,2,0,0,1.0,1,4.2626798770413155,15586325.36345222,8.268988209506656,False,True
11,1,1,2,0,0,1.0,1,4.700480365792417,15586325.36345222,8.375860015299594,False,True
12,1,1,2,0,0,1.0,1,5.303304908059076,15586325.36345222,9.32188174670909,False,True
13,1,0,0,0,0,1.0,0,4.74493212836325,15586325.36345222,8.454040376410969,False,False
14,1,1,2,0,0,1.0,1,2.8903717578961645,577019.237043678,7.777373602657861,False,True
15,1,0,0,0,0,1.0,1,4.836281906951478,15586325.36345222,8.507344855361422,False,True
16,1,0,1,1,0,1.0,1,4.61512051684126,4617426.828538304,8.187855443695623,False,True
17,0,0,0,0,0,0.0,0,4.343805421853684,15586325.36345222,8.163656176168432,False,True
18,1,1,0,1,0,1.0,0,4.897839799950911,15586325.36345222,8.494538500851432,False,False
19,1,1,0,0,0,1.0,1,4.7535901911063645,13363053.507691842,8.716207971151853,False,True
20,1,1,0,1,0,0.0,0,4.653960350157523,15586325.36345222,8.94389780251682,False,True
21,1,1,1,0,0,1.0,1,5.755742213586912,15586325.36345222,9.357121103184378,False,True
22,1,1,0,1,0,0.0,0,4.762173934797756,15586325.36345222,8.414495793177895,True,False
23,1,1,2,1,0,0.0,0,4.727387818712341,15586325.36345222,8.572249397164315,False,False
24,1,1,1,0,0,1.0,0,5.0238805208462765,15586325.36345222,8.80131894766524,True,False
25,1,1,0,0,1,1.0,1,5.2574953720277815,15586325.36345222,9.165447603085447,True,False
26,1,1,0,0,0,1.0,1,4.812184355372417,15586325.36345222,8.527737405291909,True,False
27,1,1,2,1,0,1.0,1,4.709530201312334,15586325.36345222,8.569216219483389,False,True
28,1,0,0,1,0,1.0,0,3.58351893845611,15586325.36345222,7.274479558773871,False,True
29,0,0,2,0,0,1.0,1,4.795790545596741,15586325.36345222,8.671458150427666,True,False
30,1,1,1,0,0,1.0,0,5.308267697401205,15586325.36345222,8.927446816256198,False,True
31,1,0,0,0,0,1.0,0,4.31748811353631,15586325.36345222,8.060855752934316,False,True
32,1,0,1,0,1,1.0,0,4.672828834461906,15586325.36345222,8.453827315794417,False,False
33,1,1,0,0,0,1.0,1,4.74493212836325,15586325.36345222,8.550241045462437,True,False
34,1,0,3,0,0,1.0,0,5.771441123130016,15586325.36345222,9.648659816955295,False,False
35,1,1,0,0,0,1.0,1,4.9932324876279095,15586325.36345222,8.376320632534823,False,True
36,1,1,0,0,0,0.0,0,4.61512051684126,13363053.507691842,8.058010800802085,False,True
37,0,1,0,0,0,1.0,1,4.976733742420574,15586325.36345222,8.5422759717837,True,False
38,1,0,0,0,0,1.0,1,5.220355825078324,15586325.36345222,9.339349052539717,False,True
39,1,0,0,1,0,1.0,1,4.709530201312334,15586325.36345222,8.597297435657898,True,False
40,1,0,0,0,0,1.0,0,4.394449154672439,15586325.36345222,8.188966863648876,False,True
41,1,0,0,0,0,1.0,1,3.871201010907891,15586325.36345222,8.01102337918644,False,True
42,1,1,0,0,0,1.0,1,4.330733340286331,15586325.36345222,7.783640596221253,False,True
43,1,1,0,0,0,1.0,1,4.90527477843843,15586325.36345222,8.744806737401898,True,False
44,1,1,0,1,1,1.0,1,4.574710978503383,13363053.507691842,8.454466361507933,False,True
45,0,0,0,0,0,1.0,1,4.48863636973214,13363053.507691842,8.134760782418645,False,True
46,1,1,1,0,0,1.0,1,3.8066624897703196,15586325.36345222,8.639410824140487,False,True
47,1,1,0,0,0,1.0,1,4.976733742420574,15586325.36345222,8.669399124305569,False,True
48,0,1,0,0,0,0.0,0,4.795790545596741,15586325.36345222,8.713746330456916,False,True
49,0,0,0,0,0,1.0,1,4.976733742420574,15586325.36345222,8.744488113852924,True,False
50,0,1,0,1,0,1.0,1,4.61512051684126,15586325.36345222,8.181160858023409,True,False
51,0,0,0,0,0,1.0,1,4.795790545596741,15586325.36345222,8.034955024502159,True,False
52,0,0,0,0,0,1.0,0,4.727387818712341,15586325.36345222,8.350193650720067,True,False
53,1,1,2,0,0,1.0,0,4.90527477843843,15586325.36345222,8.43750042250699,False,True
54,0,1,1,0,1,0.0,0,5.659482215759621,15586325.36345222,9.350189267092581,False,True
55,1,1,2,0,0,1.0,1,4.584967478670572,15586325.36345222,8.262558973010657,True,False
56,1,1,0,0,0,1.0,1,4.574710978503383,15586325.36345222,8.222553638396958,True,False
57,1,1,0,0,0,1.0,0,4.912654885736052,15586325.36345222,8.624611588183507,False,False
58,1,1,1,0,0,1.0,1,5.198497031265826,15586325.36345222,9.242904362849446,False,True
59,1,1,2,1,0,1.0,1,4.976733742420574,15586325.36345222,8.735042754269337,False,True
60,1,1,0,0,0,1.0,1,4.795790545596741,15586325.36345222,8.747828608488742,False,True
61,1,1,3,0,0,1.0,1,4.605170185988092,15586325.36345222,8.016317898503415,False,True
62,1,1,0,1,1,0.0,0,5.111987788356544,1947754.2584784657,8.70930004894499,False,False
63,1,1,1,0,0,0.0,0,4.9932324876279095,15586325.36345222,8.506334448081361,False,False
64,0,0,0,0,0,0.0,0,4.762173934797756,15586325.36345222,8.334951631422454,True,False
65,1,1,0,0,0,1.0,0,5.556828061699537,15586325.36345222,9.242032818708672,True,False
66,1,0,0,1,0,0.0,0,4.844187086458591,1947754.2584784657,8.604287898267172,False,True
67,1,1,1,0,0,1.0,1,5.746203190540153,15586325.36345222,9.282754052485227,False,True
68,1,1,3,1,1,1.0,1,4.836281906951478,72107.2653535217,8.867990898182093,False,True
69,0,0,0,0,0,0.0,0,4.919980925828125,15586325.36345222,8.366602832783736,True,False
70,1,1,0,0,0,1.0,1,5.153291594497779,15586325.36345222,8.744328763999984,False,True
71,1,1,2,1,1,1.0,1,4.584967478670572,15586325.36345222,8.229777750081887,True,False
72,1,0,0,0,0,1.0,1,4.406719247264253,9019211.146805346,8.160803920954665,True,False
73,1,1,3,1,0,0.0,0,4.564348191467836,13363053.507691842,8.467162257810672,True,False
74,1,1,3,0,1,1.0,1,5.236441962829949,15586325.36345222,8.859505484519133,True,False
75,1,0,0,0,0,1.0,0,4.736198448394496,36949584.55250942,8.229777750081887,False,True
76,1,0,0,0,0,1.0,0,5.176149732573829,15586325.36345222,9.04793908261736,False,True
77,1,1,1,0,1,1.0,0,4.709530201312334,15586325.36345222,8.299783171949787,False,True
78,1,1,3,0,0,0.0,0,5.198497031265826,9019211.146805346,8.877381954654766,True,False
79,1,1,3,1,1,1.0,1,4.875197323201151,15586325.36345222,8.612503371220562,True,False
80,0,0,0,0,0,1.0,1,4.718498871295094,15586325.36345222,8.255048902752295,True,False
81,1,1,1,0,1,1.0,1,4.9932324876279095,15586325.36345222,7.78155595923534,True,False
82,0,1,2,0,0,1.0,0,5.123963979403259,15586325.36345222,8.089482474360754,False,True
83,1,1,0,0,0,1.0,0,5.583496308781699,15586325.36345222,9.018089684104343,True,False
84,1,1,1,0,0,1.0,1,3.9318256327243257,4617426.828538304,8.291295851905407,False,True
85,1,0,0,0,0,1.0,1,4.919980925828125,15586325.36345222,8.496582237512113,True,False
86,1,1,2,1,0,1.0,1,4.605170185988092,15586325.36345222,8.58185670474196,True,False
87,1,1,0,0,0,1.0,1,4.653960350157523,15586325.36345222,8.437933510430605,True,False
88,1,0,0,0,0,1.0,1,5.351858133476067,15586325.36345222,9.055672891964043,False,True
89,1,1,0,0,0,1.0,1,5.170483995038151,15586325.36345222,9.196545660953994,True,False
90,1,1,0,0,0,1.0,1,4.882801922586371,15586325.36345222,8.675734219544788,True,False
91,1,1,2,0,0,1.0,1,5.241747015059643,1947754.2584784657,9.384713758920963,True,False
92,1,1,2,1,0,1.0,1,4.406719247264253,15586325.36345222,8.535818655539403,False,True
93,1,0,0,0,0,1.0,1,4.812184355372417,15586325.36345222,8.327000740241713,True,False
94,1,0,0,1,0,1.0,1,3.258096538021482,577019.237043678,8.19450550976564,True,False
95,1,0,0,0,0,1.0,0,4.9932324876279095,15586325.36345222,8.82217476094608,False,True
96,0,1,0,0,0,1.0,1,4.927253685157205,15586325.36345222,8.473659189392508,True,False
97,1,1,0,0,0,1.0,1,3.9318256327243257,15586325.36345222,7.99799931797973,True,False
98,1,1,0,1,0,1.0,1,4.7535901911063645,1947754.2584784657,8.340217320947035,True,False
99,1,1,0,0,0,1.0,1,4.882801922586371,15586325.36345222,8.575650760987806,True,False
100,1,1,2,1,0,1.0,1,4.897839799950911,1947754.2584784657,8.929567707825337,False,True
101,1,0,0,0,0,1.0,1,5.0238805208462765,15586325.36345222,9.065314599925925,True,False
102,1,1,0,0,0,1.0,1,4.9932324876279095,15586325.36345222,9.521568058002977,False,True
103,1,1,0,0,0,1.0,1,4.9932324876279095,15586325.36345222,9.01627006814768,True,False
104,1,1,0,0,0,1.0,1,5.081404364984463,15586325.36345222,8.427487278331744,False,True
105,1,1,1,0,0,1.0,1,4.61512051684126,15586325.36345222,8.314587291319576,False,True
106,1,1,2,0,0,1.0,1,5.420534999272286,15586325.36345222,9.436997742590188,False,True
107,1,0,0,1,0,1.0,0,4.795790545596741,15586325.36345222,8.900276348631271,False,False
108,1,1,2,0,0,0.0,0,5.37989735354046,15586325.36345222,8.909370405197466,False,True
109,1,1,3,1,0,1.0,1,4.553876891600541,36949584.55250942,7.946617563244473,True,False
110,1,0,0,0,0,1.0,1,4.919980925828125,15586325.36345222,8.57866451350434,False,True
111,0,1,0,0,0,1.0,1,4.941642422609304,15586325.36345222,8.56845648535378,True,False
112,1,1,0,1,0,0.0,0,5.030437921392435,13363053.507691842,8.947285869349132,False,False
113,0,0,1,0,1,1.0,1,4.9932324876279095,15586325.36345222,8.916237731721479,True,False
114,1,0,0,0,0,1.0,1,4.77912349311153,15586325.36345222,8.527341522468053,True,False
115,1,1,1,0,0,1.0,1,5.225746673713202,1947754.2584784657,9.5876803163585,False,False
116,0,1,0,0,0,1.0,1,5.043425116919247,15586325.36345222,8.603554357064281,True,False
117,1,1,1,0,0,1.0,1,4.454347296253507,15586325.36345222,8.19229373114764,False,True
118,1,1,0,0,0,1.0,0,5.170483995038151,15586325.36345222,8.95040315983296,False,False
119,0,0,0,0,0,1.0,1,5.560681631015528,15586325.36345222,9.250426095515468,False,True
120,1,1,0,0,0,1.0,1,5.198497031265826,15586325.36345222,9.028218795184895,False,False
121,0,0,0,0,0,1.0,1,3.8066624897703196,15586325.36345222,8.334951631422454,True,False
122,0,0,0,0,0,0.0,1,4.927253685157205,15586325.36345222,9.316320695513415,True,False
123,1,1,2,0,0,1.0,1,4.406719247264253,15586325.36345222,7.992268643270745,True,False
124,1,1,0,1,0,1.0,1,5.272999558563747,15586325.36345222,8.750683034784592,False,False
125,0,0,0,0,0,1.0,1,4.543294782270004,15586325.36345222,8.214194414852564,False,False
126,1,1,3,0,0,1.0,1,5.916202062607435,15586325.36345222,10.077608912764743,False,False
127,1,0,0,0,0,1.0,1,4.9932324876279095,15586325.36345222,8.613593685702552,False,False
128,1,1,1,0,1,0.0,0,5.081404364984463,1947754.2584784657,9.572480355345974,False,True
129,1,1,0,0,0,1.0,0,5.209486152841421,15586325.36345222,9.065314599925925,False,False
130,1,0,0,0,1,1.0,1,6.478509642208569,36949584.55250942,9.911802884139842,False,True
131,1,0,0,0,0,1.0,1,4.31748811353631,15586325.36345222,8.279950715722526,False,True
132,1,0,0,0,0,1.0,1,4.2626798770413155,15586325.36345222,7.908019444632471,True,False
133,1,1,0,0,1,1.0,1,3.258096538021482,577019.237043678,8.14902386805177,True,False
134,1,0,0,0,0,1.0,1,4.634728988229636,15586325.36345222,8.496173824192162,True,False
135,1,1,3,0,0,1.0,0,5.673323267171493,15586325.36345222,9.371693622333941,True,False
136,0,1,0,0,0,1.0,0,4.442651256490317,15586325.36345222,8.430327258394575,False,False
137,1,1,2,0,1,1.0,1,4.48863636973214,15586325.36345222,8.827174771362785,False,True
138,1,0,0,0,0,0.0,0,5.493061443340548,15586325.36345222,9.615805480084347,True,False
139,1,1,2,1,0,1.0,0,4.867534450455582,15586325.36345222,8.636042325254618,False,False
140,1,1,2,0,0,1.0,0,5.225746673713202,15586325.36345222,8.871505346165781,False,False
141,1,0,0,0,0,1.0,1,5.1298987149230735,15586325.36345222,8.59748202264504,False,True
142,1,0,0,0,1,1.0,1,5.170483995038151,1947754.2584784657,8.846640813100485,True,False
143,1,1,0,0,0,1.0,1,4.812184355372417,15586325.36345222,8.462314529906248,True,False
144,1,1,2,0,0,1.0,1,5.236441962829949,1947754.2584784657,9.3722891389622,False,True
145,0,1,0,0,0,1.0,1,4.61512051684126,15586325.36345222,8.827174771362785,True,False
146,0,1,2,0,0,1.0,1,4.2626798770413155,15586325.36345222,9.60689927061335,False,True
147,1,1,1,0,0,1.0,1,3.4339872044851463,15586325.36345222,7.994294986415977,False,True
148,0,0,0,0,0,1.0,0,5.420534999272286,15586325.36345222,9.364519622823858,False,False
149,1,1,0,0,0,1.0,1,4.836281906951478,15586325.36345222,8.646641258603124,True,False
150,1,0,0,0,0,0.0,0,4.77912349311153,15586325.36345222,8.744806737401898,False,False
151,1,1,0,0,1,1.0,1,5.030437921392435,15586325.36345222,8.75273950944749,False,False
152,1,0,0,0,0,1.0,0,5.501258210544727,15586325.36345222,9.123365357961776,False,True
153,1,1,2,1,0,1.0,0,4.736198448394496,15586325.36345222,7.732807530422021,False,False
154,1,0,0,0,0,1.0,1,3.9318256327243257,15586325.36345222,8.08794755464267,False,True
155,1,1,3,0,0,0.0,1,6.398594934535208,1947754.2584784657,10.596634733096073,True,False
156,1,1,1,0,0,1.0,1,5.081404364984463,15586325.36345222,8.699681400989514,False,False
157,1,1,1,0,0,1.0,1,5.236441962829949,15586325.36345222,9.163143937145207,False,True
158,1,0,0,0,0,1.0,1,4.795790545596741,15586325.36345222,8.529911963824013,False,False
159,1,1,0,0,0,1.0,1,5.545177444479562,15586325.36345222,9.231024963169016,True,False
160,1,1,0,1,0,1.0,1,4.59511985013459,15586325.36345222,7.974188669286011,True,False
161,1,1,0,0,0,1.0,0,5.62040086571715,15586325.36345222,8.978912601074276,False,True
162,1,1,1,0,0,0.0,0,4.804021044733257,15586325.36345222,8.382518288089635,True,False
163,1,1,2,0,0,1.0,1,5.0689042022202315,15586325.36345222,8.633196867172543,False,False
164,1,1,0,0,0,1.0,1,4.330733340286331,1947754.2584784657,9.140347000155648,False,True
165,1,1,0,0,0,1.0,1,5.209486152841421,13363053.507691842,8.835501457409778,False,False
166,0,1,0,0,0,1.0,0,4.727387818712341,15586325.36345222,8.430327258394575,False,False
167,1,1,0,0,0,1.0,1,4.867534450455582,15586325.36345222,8.660947155060933,False,False
168,1,0,0,0,0,0.0,0,4.1588830833596715,36949584.55250942,7.71333788887187,True,False
169,1,1,2,0,0,1.0,1,5.303304908059076,15586325.36345222,8.987321812850125,True,False
170,1,1,0,1,0,1.0,1,4.564348191467836,15586325.36345222,8.185907481482324,False,False
171,1,1,3,0,0,1.0,1,6.55250788703459,9019211.146805346,10.85445020594156,False,True
172,1,1,3,1,0,1.0,0,4.406719247264253,1947754.2584784657,8.167068178341237,False,False
173,1,1,0,0,0,1.0,1,5.236441962829949,15586325.36345222,9.335562336729565,True,False
174,1,1,0,1,1,1.0,0,4.477336814478207,15586325.36345222,8.533263371593732,True,False
175,1,1,0,0,0,1.0,1,4.762173934797756,15586325.36345222,8.60557030203365,False,False
176,1,1,2,0,0,1.0,1,4.624972813284271,15586325.36345222,8.206583614320753,False,False
177,1,1,3,0,0,0.0,0,6.206575926724928,15586325.36345222,9.73014555852275,True,False
178,1,1,1,0,0,1.0,1,4.762173934797756,15586325.36345222,8.229777750081887,True,False
179,1,0,0,1,0,0.0,0,4.634728988229636,36949584.55250942,8.23880116587155,False,True
180,1,1,1,0,0,0.0,0,5.198497031265826,15586325.36345222,9.521568058002977,False,True
181,1,0,0,0,0,1.0,0,4.219507705176107,15586325.36345222,8.850804195756417,False,False
182,1,1,0,0,0,1.0,1,4.30406509320417,1947754.2584784657,8.434028950155469,True,False
183,1,1,1,0,0,1.0,0,5.564520407322694,15586325.36345222,10.429605648120413,True,False
184,0,1,0,0,0,1.0,1,4.6913478822291435,15586325.36345222,8.195885391314796,True,False
185,1,1,0,0,1,1.0,1,4.795790545596741,15586325.36345222,10.6896240399389,True,False
186,1,1,1,0,1,0.0,0,4.204692619390966,9019211.146805346,7.68662133494462,False,False
187,1,1,0,0,0,1.0,1,4.07753744390572,15586325.36345222,8.416709652837914,False,False
188,1,1,0,0,1,1.0,1,5.1298987149230735,15586325.36345222,8.694669696546992,False,False
189,1,1,0,0,0,1.0,1,5.241747015059643,1947754.2584784657,9.140883106960962,False,False
190,1,0,0,1,0,1.0,1,3.8918202981106265,15586325.36345222,8.494129251817686,False,False
191,1,0,0,0,0,1.0,0,5.10594547390058,15586325.36345222,9.392745258631441,True,False
192,1,1,0,1,0,1.0,0,5.081404364984463,15586325.36345222,8.705165419719007,False,True
193,1,0,0,0,0,1.0,1,4.343805421853684,15586325.36345222,8.258163361537619,True,False
194,1,0,0,0,0,1.0,1,4.795790545596741,15586325.36345222,8.340933226000878,False,False
195,1,1,1,0,0,1.0,0,5.14166355650266,15586325.36345222,8.64979915596426,True,False
196,1,0,0,0,0,1.0,1,5.236441962829949,15586325.36345222,9.399637542506563,False,False
197,0,0,0,1,0,1.0,1,4.795790545596741,13363053.507691842,8.360071435644025,False,True
198,0,1,0,0,0,1.0,1,4.736198448394496,15586325.36345222,8.73761303680885,True,False
199,1,0,0,0,1,1.0,0,4.430816798843313,15586325.36345222,9.305741456739435,False,True
200,1,1,1,1,0,1.0,1,4.51085950651685,15586325.36345222,8.537191877922927,True,False
201,1,0,2,0,0,0.0,1,5.117993812416755,15586325.36345222,8.501876487304344,True,False
202,1,1,3,1,0,1.0,0,4.9932324876279095,1947754.2584784657,8.292298107063221,False,True
203,1,1,1,1,0,1.0,1,4.912654885736052,15586325.36345222,8.430327258394575,False,True
204,1,1,2,1,0,1.0,1,4.8283137373023015,15586325.36345222,8.273336598504486,True,False
205,0,0,0,1,0,1.0,1,4.795790545596741,15586325.36345222,8.391403185357937,True,False
206,0,0,0,0,0,1.0,1,4.394449154672439,15586325.36345222,8.08487062913819,False,True
207,1,0,0,1,0,1.0,1,4.02535169073515,15586325.36345222,8.780633799494984,False,False
208,1,0,0,0,0,1.0,1,4.0943445622221,15586325.36345222,7.8160138391590275,False,True
209,1,0,0,0,0,1.0,0,4.852030263919617,15586325.36345222,8.137103389639302,True,False
210,0,0,0,0,0,1.0,0,5.3706380281276624,15586325.36345222,9.210440366976517,True,False
211,1,1,3,0,0,0.0,0,4.859812404361672,15586325.36345222,8.45126704130007,True,False
212,1,1,1,0,1,1.0,1,5.484796933490655,15586325.36345222,8.960339366492091,False,True
213,1,1,3,1,1,1.0,1,4.875197323201151,15586325.36345222,8.648922962094131,False,False
214,1,1,0,0,0,1.0,1,4.927253685157205,15586325.36345222,8.731497794063243,False,True
215,1,1,3,1,0,1.0,1,4.61512051684126,15586325.36345222,8.483429561263428,True,False
216,1,1,0,0,0,1.0,0,4.912654885736052,15586325.36345222,7.576097340623111,False,False
217,1,1,0,0,0,1.0,1,4.882801922586371,15586325.36345222,8.613048677059759,True,False
218,1,1,2,0,0,0.0,0,4.290459441148391,15586325.36345222,8.517393171418904,True,False
219,0,1,2,0,0,1.0,1,4.852030263919617,15586325.36345222,8.80492526261806,True,False
220,1,1,0,0,0,0.0,0,4.110873864173311,15586325.36345222,7.706162970199576,False,True
221,1,1,2,0,0,1.0,1,4.762173934797756,15586325.36345222,8.652947112393857,True,False
222,1,0,0,0,0,1.0,1,4.976733742420574,15586325.36345222,8.659213451436667,True,False
223,1,1,0,0,0,1.0,1,5.170483995038151,13363053.507691842,9.058237593766226,True,False
224,1,1,0,0,0,1.0,1,4.859812404361672,15586325.36345222,8.740496729931813,True,False
225,1,1,0,0,0,1.0,0,5.14166355650266,15586325.36345222,8.086717920303906,False,False
226,1,1,0,1,1,1.0,0,4.9344739331306915,15586325.36345222,8.462948176563842,False,True
227,1,1,2,0,0,1.0,1,5.351858133476067,15586325.36345222,8.980423936374544,True,False
228,1,1,0,0,0,1.0,1,5.0689042022202315,36949584.55250942,8.46779284112111,True,False
229,1,0,0,0,1,1.0,1,5.303304908059076,15586325.36345222,8.764209507142004,False,False
230,1,1,1,0,0,1.0,1,4.653960350157523,15586325.36345222,8.422003004412488,True,False
231,1,1,0,0,0,1.0,1,3.7612001156935624,1947754.2584784657,8.220672170297252,False,False
232,1,0,0,1,0,1.0,1,4.795790545596741,13363053.507691842,8.663542087751374,False,False
233,0,0,0,0,0,1.0,1,5.638354669333745,15586325.36345222,9.0280988119824,True,False
234,1,1,1,0,0,1.0,1,4.948759890378168,15586325.36345222,8.504107951867582,True,False
235,1,1,1,0,0,1.0,1,5.14166355650266,15586325.36345222,8.818926087090677,False,False
236,1,1,0,0,0,1.0,0,5.545177444479562,15586325.36345222,8.656433258507741,False,True
237,0,0,0,0,1,1.0,1,4.812184355372417,15586325.36345222,8.150179269682326,False,True
238,0,0,1,0,0,1.0,1,4.727387818712341,15586325.36345222,8.246171559857563,False,False
239,1,1,1,0,0,1.0,1,4.574710978503383,15586325.36345222,8.106514516255185,True,False
240,1,1,2,0,0,1.0,1,4.795790545596741,15586325.36345222,9.289151552400472,False,False
241,1,1,1,1,0,1.0,0,4.948759890378168,1947754.2584784657,8.410498452745275,False,True
242,1,0,0,0,0,1.0,1,5.049856007249537,72107.2653535217,9.067277989134345,False,True
243,1,1,2,0,1,1.0,1,4.6913478822291435,15586325.36345222,8.929435283803425,False,False
244,1,1,0,1,0,1.0,1,4.820281565605037,15586325.36345222,8.964951211714654,True,False
245,1,0,0,0,1,1.0,0,4.795790545596741,1947754.2584784657,9.248021438943871,False,True
246,1,1,2,0,0,1.0,1,4.727387818712341,15586325.36345222,9.180293450623886,False,True
247,1,1,1,1,0,1.0,1,4.927253685157205,1947754.2584784657,8.796187635470453,False,True
248,1,1,1,0,0,1.0,1,4.820281565605037,36949584.55250942,8.460834457746854,True,False
249,1,1,0,0,0,1.0,1,4.51085950651685,15586325.36345222,8.210124405164267,False,True
250,1,1,0,1,0,0.0,0,5.308267697401205,15586325.36345222,8.62317351495347,True,False
251,0,0,2,0,0,1.0,0,4.9344739331306915,15586325.36345222,8.13973227971767,False,True
252,1,0,0,1,1,1.0,1,4.653960350157523,15586325.36345222,8.46611040118692,False,False
253,1,1,1,1,0,1.0,1,5.634789603169249,1947754.2584784657,9.186355009225672,True,False
254,1,0,0,0,1,0.0,0,5.262690188904886,15586325.36345222,9.69590972432601,False,True
255,0,0,3,0,0,1.0,1,5.545177444479562,15586325.36345222,8.03398273468322,False,False
256,1,0,0,1,0,0.0,0,4.7535901911063645,15586325.36345222,8.707152175339404,False,False
257,1,1,3,0,0,1.0,0,4.553876891600541,15586325.36345222,8.566173813637858,False,True
258,1,1,0,0,0,1.0,0,5.720311776607412,15586325.36345222,9.728181330636078,False,False
259,1,1,3,1,0,1.0,0,4.859812404361672,15586325.36345222,8.503499864284235,True,False
260,1,1,1,0,0,1.0,1,5.802118375377063,15586325.36345222,9.24319470884713,False,True
261,1,0,0,0,0,1.0,1,4.90527477843843,15586325.36345222,8.35936910622267,True,False
262,0,0,1,0,0,1.0,0,5.049856007249537,15571.749333267675,8.155362120328135,True,False
263,0,0,0,0,0,1.0,1,4.795790545596741,15586325.36345222,8.881975184248867,False,False
264,1,0,0,0,1,1.0,1,4.859812404361672,15586325.36345222,8.550047528287184,True,False
265,1,0,0,0,0,1.0,1,5.0238805208462765,15586325.36345222,8.928375259853631,False,False
266,1,1,2,0,0,1.0,1,5.017279836814924,15586325.36345222,8.715388097366482,True,False
267,1,1,3,0,0,0.0,1,5.081404364984463,15586325.36345222,8.723394022000136,False,True
268,0,0,0,0,0,1.0,0,4.912654885736052,15586325.36345222,8.137103389639302,False,False
269,0,0,1,0,0,1.0,1,4.51085950651685,15586325.36345222,8.39773375137891,False,True
270,0,0,0,0,0,1.0,1,3.4339872044851463,15586325.36345222,8.08271113423758,False,True
271,1,1,0,0,0,1.0,1,4.919980925828125,15586325.36345222,9.318925682389624,False,True
272,1,0,0,0,0,1.0,1,4.844187086458591,15586325.36345222,8.453401058328458,False,False
273,1,1,0,0,0,1.0,1,5.017279836814924,15586325.36345222,8.485496104672983,True,False
274,1,1,2,0,0,1.0,1,4.51085950651685,15586325.36345222,8.268988209506656,True,False
275,1,1,1,0,0,1.0,1,4.7535901911063645,15586325.36345222,8.432288684325794,True,False
276,1,1,0,0,0,1.0,1,5.337538079701318,15586325.36345222,8.891236429516061,True,False
277,1,1,0,0,0,1.0,1,4.394449154672439,15586325.36345222,8.390268497842571,False,True
278,1,1,0,0,0,1.0,1,6.07993319509559,15586325.36345222,9.5876803163585,True,False
279,0,1,0,1,0,1.0,1,4.8283137373023015,15586325.36345222,8.31898612539206,False,False
280,1,0,1,1,1,0.0,0,5.0689042022202315,15586325.36345222,8.776475789346321,False,True
281,1,1,0,0,0,1.0,1,4.727387818712341,15586325.36345222,8.461257559085935,True,False
282,1,1,2,0,0,1.0,1,4.3694478524670215,1947754.2584784657,8.097973923364721,False,True
283,0,0,0,0,0,1.0,1,4.007333185232471,15586325.36345222,8.154212694914229,False,True
284,1,1,0,0,0,1.0,0,4.9932324876279095,15586325.36345222,9.936341889407075,False,False
285,1,0,0,0,0,1.0,1,4.499809670330265,15586325.36345222,8.734238184268579,False,False
286,0,0,0,0,1,1.0,0,4.605170185988092,9019211.146805346,8.370547611074752,True,False
287,1,1,0,0,0,1.0,1,4.795790545596741,15586325.36345222,8.649098262296176,False,False
288,0,0,0,0,0,1.0,1,4.7535901911063645,15586325.36345222,8.324821298768782,True,False
289,1,0,0,0,0,1.0,1,5.236441962829949,15586325.36345222,9.159993997539445,False,False
290,1,1,0,0,0,1.0,1,4.941642422609304,15586325.36345222,8.61104776688786,False,False
291,1,1,2,0,0,0.0,0,4.852030263919617,15586325.36345222,8.38958706681109,True,False
292,1,1,2,0,0,1.0,1,4.90527477843843,15586325.36345222,8.458292083496076,False,True
293,0,0,0,0,0,0.0,0,4.969813299576001,36949584.55250942,8.59748202264504,False,True
294,1,1,0,0,0,1.0,1,5.153291594497779,15586325.36345222,8.651374372882257,True,False
295,1,1,3,0,0,1.0,1,4.709530201312334,15586325.36345222,8.64241515616962,False,True
296,1,1,1,0,0,1.0,1,5.303304908059076,15586325.36345222,8.83579236650274,True,False
297,0,1,1,0,0,1.0,1,4.912654885736052,15586325.36345222,8.448271745949816,False,True
298,0,0,0,0,0,1.0,0,5.0238805208462765,36949584.55250942,8.928242677818302,False,False
299,1,1,1,0,0,1.0,0,4.736198448394496,15586325.36345222,8.505120610181969,False,True
300,1,1,0,1,0,0.0,0,4.543294782270004,15586325.36345222,8.462737005620179,False,True
301,1,1,0,1,0,1.0,1,4.663439094112067,15586325.36345222,8.439447842791385,True,False
302,0,0,0,0,0,1.0,1,4.890349128221754,15586325.36345222,8.517393171418904,False,False
303,1,1,1,0,0,1.0,1,4.574710978503383,15586325.36345222,8.14002395246292,False,True
304,1,0,0,0,0,1.0,1,4.948759890378168,15586325.36345222,8.77971129020447,False,False
305,1,0,0,1,0,1.0,0,4.9932324876279095,15586325.36345222,7.601402334583733,False,True
306,0,0,0,0,0,1.0,1,4.912654885736052,15586325.36345222,8.599510233905452,False,False
307,0,0,0,0,0,0.0,0,4.653960350157523,15586325.36345222,8.357962965845681,False,True
308,1,0,0,0,0,1.0,0,6.175867270105761,15586325.36345222,9.915119636765835,False,False
309,1,1,2,1,0,1.0,1,5.225746673713202,15586325.36345222,8.944811104165534,False,False
310,0,0,0,0,0,1.0,1,4.442651256490317,15586325.36345222,7.978653729082731,True,False
311,1,0,0,1,0,1.0,1,4.718498871295094,15586325.36345222,8.581669210600602,True,False
312,0,0,0,0,0,1.0,1,4.04305126783455,15586325.36345222,7.827240901752812,False,False
313,1,1,2,0,1,1.0,1,4.976733742420574,197889.35280534456,8.656433258507741,False,False
314,1,1,0,0,0,1.0,0,5.075173815233827,15586325.36345222,8.370315995555478,False,False
315,1,1,1,1,0,1.0,1,4.718498871295094,1947754.2584784657,8.525161361065415,False,True
316,1,1,2,0,0,1.0,1,4.795790545596741,15586325.36345222,8.220941168281389,True,False
317,1,1,0,0,0,1.0,1,4.48863636973214,15586325.36345222,8.341171747170762,False,True
318,0,0,1,0,0,1.0,1,4.727387818712341,15586325.36345222,8.17244681834278,True,False
319,1,1,1,0,1,1.0,0,5.049856007249537,15586325.36345222,9.210440366976517,False,False
320,1,1,0,0,0,1.0,1,4.7535901911063645,15586325.36345222,8.426830751335846,True,False
321,1,1,3,0,0,1.0,1,4.8283137373023015,15586325.36345222,8.418918622147897,True,False
322,1,1,2,1,0,1.0,1,4.9932324876279095,15586325.36345222,8.554874258383926,False,False
323,0,0,0,0,0,1.0,1,4.890349128221754,15586325.36345222,8.72453251118548,False,False
324,1,1,3,0,0,1.0,1,5.707110264748875,15586325.36345222,9.61587214452889,False,False
325,1,1,1,0,1,0.0,0,5.932245187448011,15586325.36345222,9.521494800613105,False,False
326,1,0,0,0,0,0.0,1,4.875197323201151,15586325.36345222,8.500657222776137,False,False
327,1,1,0,0,1,1.0,1,5.220355825078324,15586325.36345222,8.984568369308281,True,False
328,0,1,0,0,0,1.0,0,4.709530201312334,15586325.36345222,8.82246957226897,False,True
329,0,0,0,0,0,1.0,1,4.219507705176107,15586325.36345222,7.824445930877619,False,True
330,1,0,1,0,0,1.0,1,4.770684624465665,15586325.36345222,8.728749873478527,False,True
331,1,0,0,0,0,1.0,1,4.59511985013459,15586325.36345222,7.984803389734406,True,False
332,1,0,0,0,0,1.0,1,4.276666119016055,15586325.36345222,7.949444420250626,False,True
333,1,1,0,0,0,1.0,1,6.19644412779452,1947754.2584784657,11.056240743970491,False,True
334,1,1,1,0,1,1.0,1,5.209486152841421,1947754.2584784657,9.364519622823858,False,True
335,1,1,0,0,1,1.0,1,4.2626798770413155,13363053.507691842,9.20974019190415,True,False
336,1,1,1,0,0,1.0,1,5.081404364984463,15586325.36345222,8.68929604801586,False,False
337,1,1,2,0,1,1.0,1,5.176149732573829,15586325.36345222,8.867990898182093,False,False
338,0,0,3,1,0,0.0,0,4.9932324876279095,15586325.36345222,7.5126175446745105,False,True
339,0,0,0,0,0,1.0,1,4.276666119016055,15586325.36345222,8.333510708982942,True,False
340,1,1,3,1,0,1.0,0,5.159055299214529,15586325.36345222,8.351138607086154,False,False
341,0,0,0,0,0,1.0,0,3.8501476017100584,15586325.36345222,7.774435510302958,False,False
342,1,1,1,1,0,1.0,1,5.0689042022202315,15586325.36345222,8.6628507638386,False,True
343,1,1,3,1,0,1.0,1,4.31748811353631,15586325.36345222,8.062747901086354,True,False
344,1,1,2,0,0,1.0,1,4.836281906951478,15586325.36345222,8.499843553081124,False,False
345,1,1,0,0,0,1.0,1,5.081404364984463,15586325.36345222,8.508757712595136,True,False
346,1,1,0,1,0,0.0,0,5.030437921392435,15586325.36345222,8.817890200945513,False,False
347,1,1,2,1,0,1.0,1,4.844187086458591,15586325.36345222,8.566364235422688,False,True
348,1,1,0,0,0,1.0,1,5.560681631015528,15586325.36345222,9.29807648628027,True,False
349,1,1,0,0,0,1.0,1,5.236441962829949,15586325.36345222,9.091106284052485,False,False
350,1,1,0,0,0,1.0,1,5.43372200355424,15586325.36345222,9.114269903225448,True,False
351,1,0,0,0,0,1.0,0,5.733341276897746,15586325.36345222,9.466376966592419,False,False
352,1,1,3,0,0,1.0,1,4.564348191467836,15586325.36345222,8.465899897028686,False,False
353,0,1,0,0,1,0.0,0,4.663439094112067,15586325.36345222,8.612685172875459,False,False
354,0,1,0,0,0,1.0,1,4.875197323201151,15586325.36345222,7.982416346827733,True,False
355,0,0,0,0,0,1.0,1,4.762173934797756,1947754.2584784657,8.246433786160365,False,True
356,1,1,2,0,0,1.0,1,5.111987788356544,15586325.36345222,9.350189267092581,False,False
357,1,1,1,0,0,1.0,0,4.219507705176107,15586325.36345222,8.262558973010657,False,True
358,1,1,0,1,0,0.0,0,4.61512051684126,36949584.55250942,8.448271745949816,False,True
359,1,1,3,0,0,1.0,1,5.303304908059076,15586325.36345222,9.028218795184895,True,False
360,0,0,1,0,0,1.0,0,4.406719247264253,15586325.36345222,8.460411177317253,True,False
361,1,1,2,0,0,1.0,1,5.4680601411351315,15586325.36345222,9.067393362656249,True,False
362,1,1,0,0,0,1.0,1,4.875197323201151,15586325.36345222,8.865593998902725,False,True
363,1,1,0,0,0,1.0,1,4.564348191467836,9019211.146805346,8.707317560273212,False,True
364,1,0,0,0,1,1.0,1,4.955827057601261,15586325.36345222,8.828054536815424,False,False
365,1,0,0,1,0,1.0,0,4.897839799950911,15586325.36345222,8.735042754269337,False,False
366,1,0,0,0,0,1.0,0,4.574710978503383,36949584.55250942,7.824445930877619,True,False
367,1,0,0,0,0,0.0,0,4.8283137373023015,13363053.507691842,8.54188580400661,False,False
368,1,1,1,0,0,1.0,1,5.170483995038151,15586325.36345222,8.752423403865594,True,False
369,1,1,0,0,0,1.0,0,6.3473892096560105,15586325.36345222,10.126511096649761,False,False
370,0,0,0,0,1,1.0,1,4.02535169073515,15586325.36345222,9.66523036341187,True,False
371,1,1,2,0,0,1.0,1,5.049856007249537,15586325.36345222,8.55371796609861,True,False
372,1,1,2,0,1,1.0,1,5.942799375126701,9019211.146805346,9.752490228984199,False,False
373,1,0,1,0,0,0.0,0,4.718498871295094,1947754.2584784657,8.527143522269405,False,True
374,0,0,0,0,0,1.0,1,4.709530201312334,15586325.36345222,8.348537825386098,False,True
375,1,1,0,0,0,1.0,1,4.795790545596741,1947754.2584784657,8.655388690167637,False,True
376,1,1,3,0,0,1.0,1,4.875197323201151,15586325.36345222,9.52857589747142,False,False
377,1,1,0,0,0,1.0,1,4.875197323201151,15586325.36345222,8.368925174747135,True,False
378,1,0,0,0,0,1.0,0,4.276666119016055,36949584.55250942,8.029432840581244,False,True
379,1,1,2,0,0,1.0,1,4.875197323201151,15586325.36345222,8.592671652592143,False,True
380,1,1,0,0,0,1.0,1,4.859812404361672,15586325.36345222,8.671458150427666,True,False
381,1,0,0,0,0,1.0,1,5.6937321388027,15586325.36345222,9.22759072538271,True,False
382,0,0,0,0,0,1.0,1,5.056245805348308,15586325.36345222,8.699681400989514,False,True
383,1,0,0,0,1,1.0,1,4.859812404361672,15586325.36345222,8.877381954654766,False,True
384,1,1,2,0,0,1.0,0,4.61512051684126,15586325.36345222,8.426611813185,False,True
385,1,0,1,0,0,1.0,1,4.736198448394496,1947754.2584784657,8.207401833376355,False,True
386,1,0,0,1,0,1.0,1,4.890349128221754,15586325.36345222,8.280711075662847,True,False
387,1,1,0,1,0,0.0,0,4.9932324876279095,15586325.36345222,8.72371943690701,False,True
388,1,1,0,0,0,1.0,1,4.919980925828125,15586325.36345222,8.46611040118692,False,True
389,1,1,0,0,0,1.0,1,4.836281906951478,15586325.36345222,8.610501368549889,False,False
390,1,0,3,0,0,1.0,1,5.225746673713202,15586325.36345222,9.12347443895452,False,False
391,1,1,3,0,0,1.0,1,5.62040086571715,15586325.36345222,9.15957325492253,False,False
392,1,1,0,0,0,1.0,1,4.795790545596741,15586325.36345222,8.455104999102815,False,True
393,1,1,2,1,0,1.0,1,4.736198448394496,1947754.2584784657,8.193953023563742,True,False
394,1,1,2,0,0,1.0,1,4.736198448394496,15586325.36345222,8.412054873292933,False,True
395,1,1,2,0,0,1.0,1,4.912654885736052,15586325.36345222,8.232440158470336,True,False
396,0,0,0,0,0,0.0,0,4.276666119016055,15586325.36345222,8.064950891749143,False,True
397,1,1,0,0,0,1.0,1,4.564348191467836,15586325.36345222,8.41027590907016,False,True
398,1,0,0,1,0,1.0,1,4.700480365792417,15586325.36345222,8.624970783589669,False,False
399,0,0,0,0,0,0.0,0,4.6443908991413725,15586325.36345222,8.101980731853192,True,False
400,1,1,2,1,0,0.0,0,3.828641396489095,1947754.2584784657,7.969011781106478,False,True
401,1,0,0,1,0,1.0,0,4.189654742026425,9019211.146805346,7.9215356321335495,False,False
402,1,0,0,0,0,1.0,1,4.6443908991413725,15586325.36345222,10.021315031649332,True,False
403,0,0,0,1,0,1.0,1,3.9889840465642745,15586325.36345222,7.582738488914411,True,False
404,0,0,0,0,1,1.0,0,5.272999558563747,15586325.36345222,8.914894908906568,False,False
405,0,0,0,0,0,1.0,1,4.7535901911063645,15586325.36345222,8.422442854870427,True,False
406,1,1,0,1,0,1.0,1,4.7535901911063645,15586325.36345222,8.426830751335846,False,True
407,0,0,0,1,0,1.0,1,4.204692619390966,15586325.36345222,7.7025561132685825,False,False
408,1,1,1,0,0,0.0,0,5.030437921392435,9019211.146805346,9.024131268455035,True,False
409,1,1,3,0,0,0.0,0,5.8888779583328805,15586325.36345222,11.302216779257382,False,False
410,0,0,1,1,1,1.0,0,4.143134726391533,15586325.36345222,8.260492856573185,True,False
411,1,1,0,0,0,1.0,1,5.081404364984463,15586325.36345222,8.741456115998364,False,True
412,1,1,0,1,0,0.0,0,5.389071729816501,15586325.36345222,8.715552125907816,False,False
413,1,1,0,1,0,1.0,1,4.709530201312334,15586325.36345222,8.363342466597977,False,False
414,0,1,0,1,0,0.0,0,5.187385805840755,15586325.36345222,8.591743922680534,True,False
415,0,0,0,0,0,1.0,1,4.110873864173311,15586325.36345222,8.005033344637111,False,True
416,0,0,1,0,0,1.0,0,5.081404364984463,15586325.36345222,7.8636512654486515,False,True
417,1,1,2,0,1,1.0,0,5.480638923341991,15586325.36345222,9.980494888896912,False,True
418,1,1,0,0,0,1.0,1,4.727387818712341,15586325.36345222,8.242493153187626,False,False
419,1,1,0,0,0,1.0,1,4.9344739331306915,15586325.36345222,8.447628728030327,True,False
420,1,1,0,0,0,1.0,1,4.9344739331306915,15586325.36345222,8.670772279344538,False,False
421,0,0,0,1,0,0.0,0,4.394449154672439,13363053.507691842,7.908754738783246,False,True
422,1,1,0,0,0,1.0,1,4.61512051684126,15586325.36345222,8.17188200612782,False,True
423,1,1,1,0,0,0.0,0,4.709530201312334,13363053.507691842,9.095826985187422,False,True
424,1,1,0,0,0,1.0,1,4.574710978503383,15586325.36345222,9.60784051043005,True,False
425,1,1,0,0,0,1.0,1,4.804021044733257,15586325.36345222,8.848939995030118,False,False
426,0,0,1,1,0,1.0,0,4.406719247264253,15586325.36345222,8.435332164935916,False,False
427,1,1,2,0,0,1.0,1,4.897839799950911,15586325.36345222,8.688790784847216,True,False
428,1,1,0,0,0,1.0,1,4.477336814478207,15586325.36345222,7.9851847886683345,False,False
429,1,0,0,1,0,1.0,1,4.110873864173311,1947754.2584784657,7.907651594711089,False,True
430,0,0,1,0,1,1.0,1,5.017279836814924,15586325.36345222,9.062420241899561,True,False
431,1,0,0,0,0,0.0,0,4.663439094112067,15586325.36345222,8.77971129020447,False,False
432,1,0,0,0,0,1.0,1,6.0063531596017325,15586325.36345222,9.463198053273784,True,False
433,1,1,0,0,0,1.0,1,4.969813299576001,15586325.36345222,8.469262657658687,True,False
434,1,0,0,0,0,1.0,1,4.61512051684126,15586325.36345222,8.229777750081887,False,True
435,0,1,0,0,0,1.0,1,4.9932324876279095,4617426.828538304,9.21512888870798,True,False
436,1,0,0,0,0,1.0,1,3.9318256327243257,15586325.36345222,8.236950048061455,True,False
437,1,1,0,0,0,1.0,1,4.9932324876279095,15586325.36345222,8.113426639943654,False,True
438,1,0,0,0,1,0.0,0,5.236441962829949,15586325.36345222,9.251194365984448,False,True
439,0,1,0,1,1,1.0,1,4.9344739331306915,15586325.36345222,8.873888135154973,False,False
440,1,0,0,0,0,1.0,1,5.236441962829949,15586325.36345222,9.073947747070628,True,False
441,1,1,0,0,0,1.0,1,5.198497031265826,15586325.36345222,9.1834829178063,False,False
442,1,0,3,1,0,1.0,1,5.003946305945459,15586325.36345222,8.81001204797317,True,False
443,1,0,1,0,0,1.0,1,5.030437921392435,15586325.36345222,10.537945736747394,True,False
444,1,1,0,0,0,1.0,1,5.170483995038151,9019211.146805346,9.659311868393488,False,False
445,1,1,1,0,1,1.0,1,4.875197323201151,15586325.36345222,8.450412157725886,False,False
446,1,1,2,1,0,1.0,1,4.709530201312334,15586325.36345222,8.445267451844648,False,False
447,1,1,0,0,0,1.0,0,4.02535169073515,15586325.36345222,8.500250470685925,False,False
448,1,1,2,0,0,0.0,0,5.017279836814924,15586325.36345222,8.527341522468053,False,False
449,1,0,1,1,1,1.0,0,5.25227342804663,15586325.36345222,8.369157112588834,True,False
450,1,1,2,1,0,0.0,0,4.836281906951478,15586325.36345222,8.178919332848396,False,False
451,1,1,2,1,0,1.0,1,4.110873864173311,9019211.146805346,8.13593277200489,False,True
452,1,1,0,0,0,0.0,0,5.0106352940962555,15586325.36345222,8.645058562414134,False,False
453,1,1,0,0,0,0.0,1,4.51085950651685,1947754.2584784657,8.507142855562735,False,False
454,1,0,0,0,1,1.0,1,4.442651256490317,15586325.36345222,8.865876285425417,True,False
455,1,1,2,0,0,1.0,1,4.574710978503383,15586325.36345222,8.258422462458876,True,False
456,1,1,0,0,0,1.0,1,4.77912349311153,15586325.36345222,8.366835309827675,False,True
457,1,1,0,0,0,1.0,0,5.159055299214529,15586325.36345222,8.744806737401898,False,True
458,1,0,2,0,0,1.0,1,4.919980925828125,15586325.36345222,8.379079889286603,False,False
459,1,1,0,0,0,1.0,0,5.081404364984463,15586325.36345222,9.028218795184895,True,False
460,1,1,0,0,1,1.0,1,5.081404364984463,15586325.36345222,8.726967774991493,True,False
461,1,1,3,0,0,1.0,1,4.859812404361672,1947754.2584784657,8.954286157204713,False,True
462,1,1,0,0,0,1.0,1,5.0369526024136295,15586325.36345222,8.557182839632397,False,False
463,0,0,1,1,0,1.0,1,4.890349128221754,15586325.36345222,8.554874258383926,True,False
464,1,0,0,0,0,0.0,0,4.59511985013459,15586325.36345222,8.334951631422454,True,False
465,1,0,0,0,0,1.0,1,4.948759890378168,15586325.36345222,8.699681400989514,False,False
466,1,1,3,1,0,0.0,0,4.2626798770413155,1947754.2584784657,8.436416881388949,False,True
467,1,1,0,0,0,1.0,1,4.709530201312334,15586325.36345222,9.722744748855389,True,False
468,0,1,2,1,0,1.0,1,4.59511985013459,15586325.36345222,8.048149101665201,True,False
469,1,1,0,0,0,1.0,0,4.709530201312334,15586325.36345222,8.82246957226897,False,True
470,1,1,1,0,1,1.0,1,5.093750200806762,15586325.36345222,8.61794309451638,True,False
471,1,1,1,1,0,0.0,0,4.736198448394496,1947754.2584784657,8.331827004436057,False,False
472,1,1,3,0,0,1.0,1,4.61512051684126,15586325.36345222,8.453614209773367,True,False
473,0,0,0,0,1,1.0,1,4.543294782270004,15586325.36345222,7.824445930877619,False,True
474,1,0,2,0,0,1.0,1,5.093750200806762,15586325.36345222,9.228278517107196,False,False
475,1,1,2,0,1,1.0,1,5.017279836814924,15586325.36345222,9.772239265926174,False,False
476,1,1,2,0,0,1.0,1,5.442417710521793,9019211.146805346,9.042040056544483,True,False
477,1,1,2,0,0,0.0,0,4.890349128221754,15586325.36345222,8.465057436995709,True,False
478,1,1,1,0,1,1.0,1,4.465908118654584,15586325.36345222,9.847869128773116,True,False
479,1,1,2,0,0,1.0,0,4.9932324876279095,15586325.36345222,8.423102268016642,False,True
480,0,0,0,1,0,1.0,1,5.043425116919247,15586325.36345222,8.37816098272068,False,False
481,1,1,3,1,0,1.0,1,4.736198448394496,15586325.36345222,8.037866234709618,False,False
482,1,1,0,0,0,1.0,1,4.859812404361672,15586325.36345222,8.562931083090092,True,False
483,1,1,0,0,0,1.0,1,5.459585514144159,15586325.36345222,9.290444616217844,True,False
484,1,1,2,0,0,1.0,1,5.5093883366279774,15586325.36345222,9.0280988119824,True,False
485,1,1,1,1,0,1.0,1,4.882801922586371,15586325.36345222,8.388222810119277,False,False
486,1,0,2,0,0,0.0,0,4.394449154672439,15586325.36345222,8.17413934342947,False,False
487,1,1,1,0,0,1.0,0,6.2166061010848646,15586325.36345222,9.816512538521721,False,True
488,1,1,2,0,1,1.0,1,5.081404364984463,15586325.36345222,8.80492526261806,True,False
489,1,0,0,0,0,1.0,0,4.330733340286331,15586325.36345222,7.798112628829788,False,True
490,1,0,0,1,0,1.0,1,4.574710978503383,15586325.36345222,8.609772372709331,True,False
491,1,1,1,1,0,1.0,1,5.231108616854587,15586325.36345222,8.774158291205957,False,True
492,1,0,0,1,0,1.0,1,4.709530201312334,15586325.36345222,8.213923595622743,False,False
493,0,0,0,1,1,1.0,1,5.420534999272286,15586325.36345222,9.756378687497916,True,False
494,1,1,0,0,0,0.0,0,4.787491742782046,15586325.36345222,8.657824321155983,False,False
495,0,1,1,0,0,1.0,1,4.663439094112067,197889.35280534456,8.352318548226004,True,False
496,1,1,0,1,0,1.0,1,4.68213122712422,15586325.36345222,8.366602832783736,False,False
497,1,1,0,0,0,1.0,1,4.718498871295094,576.158989897045,8.920389060080359,False,True
498,1,1,1,0,1,1.0,1,4.564348191467836,15586325.36345222,7.971085753505607,True,False
499,1,0,0,0,0,0.0,0,5.3471075307174685,15586325.36345222,9.277999020449997,False,False
500,0,0,0,0,0,1.0,1,4.736198448394496,36949584.55250942,8.37309184744198,False,False
501,0,0,0,0,0,1.0,1,4.61512051684126,15586325.36345222,8.058327306580958,True,False
502,1,1,2,0,0,1.0,1,5.342334251964811,15586325.36345222,9.258177701390343,True,False
503,1,1,1,1,0,1.0,0,4.9344739331306915,15586325.36345222,9.143452426434552,False,False
504,1,1,0,1,0,1.0,1,4.8283137373023015,9019211.146805346,8.575084669832014,True,False
505,1,1,2,0,0,1.0,1,5.497168225293202,15586325.36345222,8.978029932837156,False,False
506,1,1,0,0,0,1.0,1,6.175867270105761,15586325.36345222,10.221977646629885,False,True
507,1,0,0,0,0,1.0,0,4.574710978503383,15586325.36345222,8.18423477409482,False,True
508,1,1,0,0,1,1.0,1,5.241747015059643,15586325.36345222,8.61122983334262,False,True
509,0,0,1,0,0,1.0,1,3.713572066704308,15586325.36345222,9.492733482494353,False,True
510,1,0,0,1,0,1.0,0,4.61512051684126,15586325.36345222,8.494129251817686,False,False
511,1,1,1,0,0,1.0,1,5.5254529391317835,15586325.36345222,8.995908761263994,True,False
512,1,1,2,0,0,1.0,1,5.003946305945459,15586325.36345222,8.579040594742317,False,True
513,1,1,0,0,0,1.0,0,4.2626798770413155,1947754.2584784657,9.082166033252674,True,False
514,1,0,0,0,0,1.0,0,5.7430031878094825,15586325.36345222,9.157150543462064,False,False
515,1,1,3,0,0,1.0,1,5.017279836814924,15586325.36345222,8.838551790227402,False,False
516,0,1,2,0,0,1.0,1,4.736198448394496,36949584.55250942,8.20631072579402,True,False
517,1,1,0,1,0,0.0,0,4.820281565605037,15586325.36345222,8.491875383431948,True,False
518,1,0,0,0,0,1.0,0,5.225746673713202,15586325.36345222,8.794673401383422,True,False
519,0,0,0,1,0,1.0,0,4.564348191467836,15586325.36345222,8.131824785007195,False,False
520,1,1,2,1,0,1.0,1,3.828641396489095,15586325.36345222,8.277666160851503,True,False
521,1,0,0,0,0,1.0,1,4.02535169073515,15586325.36345222,7.824445930877619,True,False
522,1,1,3,0,1,1.0,1,4.61512051684126,15586325.36345222,8.868131713503033,False,False
523,1,1,2,0,1,1.0,1,6.175867270105761,15586325.36345222,9.623442907213558,False,False
524,1,0,0,0,0,1.0,0,4.9932324876279095,15586325.36345222,8.81996090128606,True,False
525,1,1,2,0,1,1.0,1,5.993961427306569,15586325.36345222,9.770013301136158,False,False
526,1,1,0,0,0,1.0,1,4.709530201312334,15586325.36345222,8.236420527265391,True,False
527,1,1,1,1,0,0.0,1,5.087596335232384,15586325.36345222,8.812248018197431,True,False
528,1,0,1,1,0,1.0,1,4.553876891600541,15586325.36345222,8.289539484624141,True,False
529,1,0,0,1,0,1.0,1,4.875197323201151,15586325.36345222,8.822322177471738,True,False
530,1,1,0,0,0,1.0,1,5.37989735354046,15586325.36345222,8.783549477153265,False,False
531,1,1,3,0,0,1.0,1,4.61512051684126,15586325.36345222,8.362175469149628,False,True
532,1,0,2,0,0,0.0,0,4.709530201312334,15586325.36345222,8.185628891147607,False,False
533,1,0,1,0,0,1.0,0,5.2832037287379885,15586325.36345222,9.328212292571072,True,False
534,0,0,0,1,1,1.0,1,4.836281906951478,15586325.36345222,9.80730699406216,False,True
535,1,0,0,1,0,1.0,1,4.844187086458591,15586325.36345222,8.432288684325794,False,False
536,1,1,0,0,0,1.0,1,5.783825182329737,15586325.36345222,9.214332393245721,False,True
537,1,0,2,0,0,1.0,1,4.68213122712422,15586325.36345222,8.193676665955241,True,False
538,1,1,0,1,0,1.0,0,4.204692619390966,15586325.36345222,8.147288258706624,False,False
539,1,1,3,0,0,1.0,1,5.062595033026967,1947754.2584784657,8.766861821669803,False,False
540,0,1,1,0,0,1.0,1,4.948759890378168,1947754.2584784657,8.916506080039204,True,False
541,0,0,0,0,0,0.0,0,4.605170185988092,15586325.36345222,7.668093709082406,True,False
542,0,0,1,0,0,1.0,1,4.564348191467836,15586325.36345222,8.203304026795282,True,False
543,1,1,1,1,0,1.0,1,4.859812404361672,15586325.36345222,8.46884293047519,False,True
544,0,1,0,1,0,1.0,1,4.634728988229636,15586325.36345222,8.210939733379021,True,False
545,1,1,0,0,0,1.0,1,5.049856007249537,15586325.36345222,8.459352191726387,False,False
546,1,0,0,1,0,1.0,0,4.394449154672439,15571.749333267675,8.119398589612294,True,False
547,1,0,0,0,0,1.0,1,4.983606621708336,15586325.36345222,8.368693183097793,False,False
548,0,0,0,0,0,0.0,0,4.6443908991413725,15586325.36345222,8.517393171418904,True,False
549,1,1,0,0,0,1.0,1,4.709530201312334,15586325.36345222,8.4767877767812,False,False
550,1,1,2,0,1,0.0,0,4.9932324876279095,15586325.36345222,8.799963219506997,False,False
551,1,1,1,1,0,1.0,1,4.9932324876279095,15586325.36345222,8.490438454107418,False,False
552,1,1,1,0,0,1.0,1,5.0689042022202315,15586325.36345222,8.792397742356906,False,True
553,1,1,0,1,0,0.0,0,5.204006687076795,15586325.36345222,8.473868066677865,False,True
554,1,1,0,0,0,0.0,0,4.890349128221754,1947754.2584784657,8.969541885423252,False,False
555,1,1,1,0,0,1.0,1,3.295836866004329,15586325.36345222,8.77971129020447,True,False
556,0,0,0,0,0,1.0,1,4.442651256490317,15586325.36345222,8.36474106822456,False,True
557,1,1,3,0,1,1.0,1,5.564520407322694,15586325.36345222,9.224243277145174,True,False
558,1,1,0,0,0,1.0,1,5.093750200806762,15586325.36345222,8.788288460263619,True,False
559,0,1,0,0,0,1.0,1,5.209486152841421,15586325.36345222,8.777555453213056,True,False
560,1,1,2,1,0,1.0,1,4.6913478822291435,15586325.36345222,8.273336598504486,True,False
561,0,1,1,0,1,1.0,1,6.398594934535208,15586325.36345222,9.87740021777281,True,False
562,1,1,0,0,0,1.0,1,5.356586274672012,15586325.36345222,8.984443032465352,False,False
563,1,0,0,1,1,1.0,1,4.890349128221754,15586325.36345222,8.665785595466064,True,False
564,1,1,2,0,0,0.0,0,5.556828061699537,15586325.36345222,9.082507000466299,False,True
565,1,1,0,1,0,1.0,1,4.795790545596741,15586325.36345222,8.404696160189092,False,False
566,1,0,0,0,0,1.0,1,4.2626798770413155,15586325.36345222,8.111928063310739,False,True
567,1,1,3,0,0,0.0,0,4.820281565605037,15586325.36345222,8.682877107057168,False,False
568,0,0,0,0,0,1.0,0,2.302585092994046,15586325.36345222,7.774435510302958,False,True
569,1,1,0,0,0,0.0,0,4.653960350157523,15586325.36345222,8.562357743370612,False,True
570,1,1,1,0,0,1.0,1,5.231108616854587,15586325.36345222,8.550241045462437,False,True
571,1,1,0,0,0,0.0,0,5.111987788356544,15586325.36345222,8.789964651132264,False,True
572,1,1,2,0,0,1.0,1,5.62040086571715,15586325.36345222,9.721185995542177,False,True
573,1,1,2,1,0,1.0,0,5.236441962829949,36949584.55250942,8.955577146281511,True,False
574,1,1,3,0,0,1.0,0,5.017279836814924,15586325.36345222,8.765146421639022,True,False
575,1,1,2,0,0,1.0,1,4.6913478822291435,197889.35280534456,8.19450550976564,False,True
576,1,1,0,0,0,0.0,0,4.919980925828125,15586325.36345222,8.575084669832014,True,False
577,1,0,0,0,0,1.0,1,4.709530201312334,15586325.36345222,8.69433468816865,False,True
578,1,1,1,0,0,1.0,1,4.68213122712422,15586325.36345222,8.297792626380861,False,False
579,1,0,0,0,0,1.0,1,5.087596335232384,15586325.36345222,8.716044050161402,False,True
580,1,1,2,0,0,1.0,1,5.327876168789581,15586325.36345222,8.785845337961213,True,False
581,1,0,0,0,0,1.0,0,4.51085950651685,15586325.36345222,10.482177411118249,False,True
582,0,1,0,0,0,1.0,1,3.6109179126442243,15586325.36345222,8.06054004653864,True,False
583,1,1,1,0,0,1.0,0,4.127134385045092,15586325.36345222,7.53955882930103,False,False
584,1,1,1,0,0,0.0,0,4.990432586778736,15586325.36345222,8.45638105201948,False,False
585,1,1,1,0,0,1.0,0,5.153291594497779,197889.35280534456,8.8934354408475,False,False
586,1,1,0,0,0,1.0,1,4.653960350157523,15586325.36345222,8.24800570160062,False,True
587,0,0,0,1,0,1.0,1,4.2626798770413155,15586325.36345222,7.680637427560936,True,False
588,1,0,0,0,0,1.0,1,4.553876891600541,15586325.36345222,8.46611040118692,True,False
589,1,1,2,0,1,0.0,0,4.672828834461906,15586325.36345222,7.910957382845589,True,False
590,1,1,0,0,0,1.0,1,4.04305126783455,1947754.2584784657,8.766705997750515,True,False
591,1,1,2,0,1,1.0,0,5.327876168789581,4617426.828538304,8.699681400989514,True,False
592,1,0,3,0,1,1.0,1,5.680172609017068,15586325.36345222,9.143986871426161,True,False
593,1,1,0,0,0,1.0,1,4.962844630259907,1947754.2584784657,8.87626525995469,False,False
594,1,1,0,0,1,1.0,1,5.564520407322694,15586325.36345222,9.687878048875998,False,True
595,1,0,0,1,0,1.0,1,4.709530201312334,15586325.36345222,8.251663923605589,False,False
596,1,1,2,1,1,1.0,0,5.236441962829949,15586325.36345222,8.907070776182689,False,False
597,1,0,0,0,0,0.0,0,4.48863636973214,15586325.36345222,8.002359546252707,True,False
598,1,1,0,0,1,1.0,1,5.198497031265826,15586325.36345222,9.20673387638207,False,False
599,1,1,2,0,0,1.0,1,5.262690188904886,15586325.36345222,8.662331957082475,False,True
600,0,0,3,0,0,1.0,0,5.860786223465865,1947754.2584784657,10.647422899928179,False,True
601,1,1,0,1,0,1.0,1,5.049856007249537,15586325.36345222,8.645938147306799,False,False
602,1,1,3,0,0,1.0,1,4.859812404361672,15586325.36345222,8.648922962094131,False,True
603,1,0,0,0,0,1.0,1,5.153291594497779,15586325.36345222,8.984443032465352,False,False
604,0,1,1,0,0,1.0,1,6.208590026096629,15586325.36345222,9.392745258631441,True,False
605,1,1,0,1,0,1.0,0,4.9932324876279095,1947754.2584784657,8.732465848349879,False,True
606,1,1,1,0,0,1.0,1,5.159055299214529,15586325.36345222,8.682877107057168,True,False
607,1,1,2,1,0,1.0,1,5.062595033026967,15586325.36345222,8.593969030218288,False,False
608,1,1,0,0,0,1.0,1,4.6913478822291435,15586325.36345222,8.553139318189707,False,False
609,0,0,0,0,0,1.0,1,4.276666119016055,15586325.36345222,7.972810784121404,False,False
610,1,1,3,0,0,1.0,1,3.713572066704308,1947754.2584784657,8.320448113956559,False,False
611,1,1,1,0,0,1.0,1,5.537334267018537,15586325.36345222,9.025575833531088,False,True
612,1,1,2,0,0,1.0,1,5.236441962829949,15586325.36345222,8.933796043934858,False,True
613,0,0,0,0,1,0.0,0,4.897839799950911,15586325.36345222,8.430327258394575,True,False
